,Name,e-mail
6,Holly Flax,holly.flax@dunderm.com
8,Erin Hannon,erin.hannon@dunderm.com
1,Pam Beesly,pam.beesly@dunderm.com
11,Stanley Hudson,stanley.hudson@dunderm.com
2,Michael Scott,michael.scott@dunderm.com
3,Dwight Schrute,dwight.schrute@dunderm.com
10,Ryan Howard,ryan.howard@dunderm.com
4,Oscar Martinez,oscar.martinez@dunderm.com
0,Jim Halpert,jim.halpert@dunderm.com
7,Angela Martin,angela.martin@dunderm.com
5,Andy Bernard,andy.bernard@dunderm.com
12,Meredith Palmer,meredith.palmer@dunderm.com
9,Kelly Kapoor,kelly.kapoor@dunderm.com
